{
  "version": 1,
  "kind": "pipeline",
  "target_col": "target",
  "feature_cols": [
    "age",
    "sex",
    "cp",
    "trestbps",
    "chol",
    "fbs",
    "restecg",
    "thalach",
    "exang",
    "oldpeak",
    "slope",
    "ca",
    "thal"
  ],
  "steps": [
    {
      "kind": "imputer",
      "columns": [
        "age",
        "sex",
        "cp",
        "trestbps",
        "chol",
        "fbs",
        "restecg",
        "thalach",
        "exang",
        "oldpeak",
        "slope",
        "ca",
        "thal"
      ],
      "strategy": "mean",
      "fill_value": null,
      "fills": {
        "age": 56.450450450450454,
        "sex": 0.6936936936936937,
        "cp": 0.9279279279279279,
        "trestbps": 132.1216216216216,
        "chol": 246.21621621621622,
        "fbs": 0.1981981981981982,
        "restecg": 0.509009009009009,
        "thalach": 145.67567567567568,
        "exang": 0.35135135135135137,
        "oldpeak": 1.1013513513513515,
        "slope": 1.364864864864865,
        "ca": 0.7342342342342343,
        "thal": 2.418918918918919
      }
    },
    {
      "kind": "standard_scaler",
      "columns": [
        "age",
        "sex",
        "cp",
        "trestbps",
        "chol",
        "fbs",
        "restecg",
        "thalach",
        "exang",
        "oldpeak",
        "slope",
        "ca",
        "thal"
      ],
      "means": {
        "age": 56.450450450450454,
        "sex": 0.6936936936936937,
        "cp": 0.9279279279279279,
        "trestbps": 132.1216216216216,
        "chol": 246.21621621621622,
        "fbs": 0.1981981981981982,
        "restecg": 0.509009009009009,
        "thalach": 145.67567567567568,
        "exang": 0.35135135135135137,
        "oldpeak": 1.1013513513513515,
        "slope": 1.364864864864865,
        "ca": 0.7342342342342343,
        "thal": 2.418918918918919
      },
      "stds": {
        "age": 8.382455658108633,
        "sex": 0.4609585155122901,
        "cp": 1.0839676178776818,
        "trestbps": 17.752263682100146,
        "chol": 59.59055572512244,
        "fbs": 0.39864228630337895,
        "restecg": 0.5431057749662765,
        "thalach": 22.45943777711684,
        "exang": 0.477392479260964,
        "oldpeak": 1.1785805988151932,
        "slope": 0.641808908813354,
        "ca": 0.9802551143852665,
        "thal": 0.6577347850615124
      }
    }
  ],
  "estimator": {
    "version": 1,
    "kind": "logistic",
    "input_dim": 13,
    "num_classes": 1,
    "W": {
      "shape": [
        13
      ],
      "values": [
        -0.27933698449068384,
        -0.44386977488592266,
        2.0407636698895066,
        -0.6609033391106593,
        -0.8648512739669051,
        -0.019072691294979578,
        0.24185444841563822,
        0.3778372254483979,
        -0.8941185776579534,
        -1.944281310422163,
        0.4624271186782267,
        -2.316622878252811,
        -1.6433709044268734
      ]
    },
    "b": {
      "shape": [
        1
      ],
      "values": [
        -0.8210261507187341
      ]
    }
  }
}